Date,Close,High,Low,Open,Volume,Ticker
2023-04-17,162.87046813964844,163.02818690758198,161.68760746192598,162.73246797792896,41516200.0,AAPL
2023-04-18,164.09278869628906,165.01936778477705,163.28449117964493,163.72807715584273,49923000.0,AAPL
2023-04-19,165.23623657226562,165.7586669315568,163.1760704888179,163.43236729662357,47720200.0,AAPL
2023-04-20,164.2701873779297,165.47276665465435,163.1957564794937,163.71818673436218,52456400.0,AAPL
2023-04-21,162.6634979248047,164.07307012591417,162.141067594516,162.6930683177726,58337300.0,AAPL
2023-04-24,162.9690704345703,163.2352190150396,161.54963139325648,162.64378106752824,41949600.0,AAPL
2023-04-25,161.43133544921875,163.93505711689548,161.3918982344198,162.83105575677226,48714100.0,AAPL
2023-04-26,161.42147827148438,162.91977666468185,160.47519563222698,160.73147738017352,45498800.0,AAPL
2023-04-27,166.0050506591797,166.15290259103057,162.83103216774902,162.83103216774902,64902300.0,AAPL
2023-04-28,167.25689697265625,167.42448254310634,165.48261369922477,166.0839032657194,55275900.0,AAPL
2023-05-01,167.168212890625,168.01593249804148,166.2317821133474,166.86264216717663,52472900.0,AAPL
2023-05-02,166.13320922851562,167.91737470896658,165.1474894240389,167.66107793363267,48425700.0,AAPL
2023-05-03,165.05877685546875,168.4792257513459,164.77292473257992,167.07950544573387,65136000.0,AAPL
2023-05-04,163.42247009277344,164.65461977543495,161.96360907995128,162.535328337613,81235400.0,AAPL
2023-05-05,171.09136962890625,171.81094077356033,168.32148473339686,168.5383442631647,113453200.0,AAPL
2023-05-08,171.02239990234375,171.36740787815765,169.65224986499234,170.0169614090474,55962800.0,AAPL
2023-05-09,169.3170928955078,171.06180609803263,169.14952233576255,170.57881302608763,45326900.0,AAPL
2023-05-10,171.08151245117188,171.54480192353225,169.44521410372417,170.5492304195713,53724500.0,AAPL
2023-05-11,171.268798828125,172.09679977091955,169.71135988855104,171.3673768150292,49514700.0,AAPL
2023-05-12,170.34095764160156,171.8117019924622,168.79122976444327,171.3773829679925,45533100.0,AAPL
2023-05-15,169.847412109375,170.97268634600138,169.2551561693846,170.92332917405315,37266700.0,AAPL
2023-05-16,169.847412109375,170.903583292935,169.58089543020992,169.7684436465967,42110300.0,AAPL
2023-05-17,170.4593963623047,170.69628668546216,168.21871333171157,169.492059065459,57951600.0,AAPL
2023-05-18,172.78892517089844,172.97647339745131,170.35082834910114,170.7654015048888,65496700.0,AAPL
2023-05-19,172.8975067138672,174.11161490131877,172.68034719263906,174.11161490131877,55809500.0,AAPL
2023-05-22,171.94989013671875,172.45331220735133,171.2095777379714,171.73273062815065,43570900.0,AAPL
2023-05-23,169.343994140625,171.140492823502,169.06761204505847,170.89372201948223,50747300.0,AAPL
2023-05-24,169.62039184570312,170.19290197111815,168.31744971265542,168.88007936551583,45143500.0,AAPL
2023-05-25,170.75552368164062,171.65375792303627,169.47231254318322,170.18301363335365,56058300.0,AAPL
2023-05-26,173.16400146484375,173.49962120538788,170.87397623432938,171.08127033696854,54835000.0,AAPL
2023-05-30,175.00985717773438,176.67803022234617,174.28929064745816,174.6742524991613,55964400.0,AAPL
2023-05-31,174.96051025390625,177.03339115324283,174.47683402760893,175.03947872320146,99625300.0,AAPL
2023-06-01,177.76377868652344,177.79338997239293,174.64459270694314,175.40465085487386,68901800.0,AAPL
2023-06-02,178.61268615722656,179.4319669478336,176.94451328757913,178.69165461361322,61996900.0,AAPL
2023-06-05,177.26040649414062,182.56103856696868,175.74028990045602,180.27101332814428,121946500.0,AAPL
2023-06-06,176.8951873779297,177.79342164547316,175.13816542041533,177.64536518975015,64848400.0,AAPL
2023-06-07,175.52313232421875,178.8693435880805,175.0295907510138,176.13511905525095,61944600.0,AAPL
2023-06-08,178.23760986328125,178.50411146672758,175.16778069465795,175.6020846245424,50214900.0,AAPL
2023-06-09,178.62258911132812,179.87617397731293,178.2968498358667,179.1556074319137,48900000.0,AAPL
2023-06-12,181.4160003662109,181.51471470308877,178.6324337942364,178.92856174317663,54274900.0,AAPL
2023-06-13,180.9422149658203,181.7713612206094,180.08345742062403,180.4388079672042,54929100.0,AAPL
2023-06-14,181.57395935058597,182.00827838693,179.66889592317074,181.00144926283195,57462900.0,AAPL
2023-06-15,183.6073303222656,184.11075236554325,181.40613912687283,181.58382192499832,65433200.0,AAPL
2023-06-16,182.53140258789065,184.57467180700263,181.88980460620309,184.31802056497352,101256200.0,AAPL
2023-06-20,182.6202545166016,183.69618663444365,182.02801364300083,182.02801364300083,49799100.0,AAPL
2023-06-21,181.58383178710935,183.015099412311,180.23151756348105,182.5116773416917,49515700.0,AAPL
2023-06-22,184.5845642089844,184.6339213828765,181.2975752421376,181.3666782979256,51245300.0,AAPL
2023-06-23,184.26866149902344,185.13729942612093,182.6202345686034,183.1532678644832,53117000.0,AAPL
2023-06-26,182.87689208984372,185.62098193195175,182.83740033087776,184.41673933227065,48088700.0,AAPL
2023-06-27,185.63087463378903,185.95661391553264,183.27174625542972,183.48890577659213,50730800.0,AAPL
2023-06-28,186.8054962158203,187.44709427325768,185.17681495512895,185.5025391579117,51216800.0,AAPL
2023-06-29,187.14111328125,187.6149240946042,186.49951518133068,186.6377062364685,46347300.0,AAPL
2023-06-30,191.4645233154297,191.96793030893548,188.7895213028153,189.1547523169529,85213200.0,AAPL
2023-07-03,189.9740753173828,191.37573191972731,189.28310489702244,191.2770175563338,31458200.0,AAPL
2023-07-05,188.8585968017578,190.4872777667884,188.15776122752732,189.0955021497424,46920300.0,AAPL
2023-07-06,189.3324279785156,189.53972207962792,186.756140199604,187.3878728511301,45094300.0,AAPL
2023-07-07,188.21702575683597,190.1813268348204,187.7827217812524,188.93760736945492,46815000.0,AAPL
2023-07-10,186.1737518310547,187.53593138541007,184.62402407003376,186.8153498480431,59922200.0,AAPL
2023-07-11,185.650634765625,186.85487763479415,184.1897556525184,186.71668657087457,46638100.0,AAPL
2023-07-12,187.31878662109372,189.22385000348103,186.03557542450565,187.22993768452707,60750200.0,AAPL
2023-07-13,188.0788116455078,188.72042471252908,187.32863389417255,188.0393349477294,41342300.0,AAPL
2023-07-14,188.22689819335935,188.71055932283983,187.18059240914323,187.77283329330808,41616200.0,AAPL
2023-07-17,191.4842987060547,191.81003800912129,189.3324492359564,189.4212831199665,50520200.0,AAPL
2023-07-18,191.2276306152344,191.8198865800326,189.93455398917624,190.852549228444,48288200.0,AAPL
2023-07-19,192.57994079589844,195.66950100927124,190.16157487576123,190.6057743707706,80507300.0,AAPL
2023-07-20,190.6353759765625,193.93223012421535,190.01350876450036,192.57005054034343,59581200.0,AAPL
2023-07-21,189.46075439453125,192.4516153262713,188.7599186858544,191.59285775033445,71951700.0,AAPL
2023-07-24,190.26028442382807,192.3923877240068,189.766742829992,190.9117629424984,45377800.0,AAPL
2023-07-25,191.1190185546875,191.9284338989937,190.4280634203361,190.8327710924892,37283200.0,AAPL
2023-07-26,191.9876708984375,193.112945076557,190.82292002182845,191.16839008411552,47471900.0,AAPL
2023-07-27,190.7242126464844,194.6527994732912,190.06286872536143,193.48804855415668,47460200.0,AAPL
2023-07-28,193.3004913330078,194.0901608500724,191.6323184319033,192.1554712863488,48291400.0,AAPL
2023-07-31,193.91249084472656,193.95198260711592,192.7378594315981,193.52752900074864,38824100.0,AAPL
2023-08-01,193.08334350585935,194.1888718595327,192.75760424557475,193.7052107356477,35175100.0,AAPL
2023-08-02,190.0924835205078,192.65889079076132,189.3719170053564,192.52069974591456,50389300.0,AAPL
2023-08-03,188.70068359375,189.8851803589987,188.22688789998924,189.09552588996192,61235200.0,AAPL
2023-08-04,179.6392822265625,184.95966022717985,179.57017917093492,183.12368481919472,115956800.0,AAPL
2023-08-07,176.5398406982422,180.7645556934903,175.0592158617292,179.77747246914834,97576100.0,AAPL
2023-08-08,177.4775390625,177.9414693105031,175.2862134413724,177.36895932229305,67823000.0,AAPL
2023-08-09,175.8883514404297,178.59294967088076,174.72358547458126,178.53372709089916,60378500.0,AAPL
2023-08-10,175.6711883544922,178.41527829006225,175.30597241092943,177.1616784798233,54686900.0,AAPL
2023-08-11,175.73048400878906,176.55087114534,174.50485775151037,175.26594233781003,52036700.0,AAPL
2023-08-14,177.38116455078125,177.60849603671858,175.2560608313475,175.90841909398483,43675600.0,AAPL
2023-08-15,175.39442443847656,177.40090780634856,174.99906405268155,176.80786722765603,43622600.0,AAPL
2023-08-16,174.52464294433594,176.47180884084688,174.45544657600635,175.07815356283987,46964900.0,AAPL
2023-08-17,171.9844207763672,175.4537562487029,171.47044012349116,175.08804707675128,66062900.0,AAPL
2023-08-18,172.46873474121094,173.07166917955516,169.96804315644715,170.30410101859755,61172200.0,AAPL
2023-08-21,173.8031005859375,174.08974972921308,171.7274356199635,173.04203097276417,46311900.0,AAPL
2023-08-22,175.17697143554688,175.62175563939851,174.2083279343983,175.0089425177377,42038900.0,AAPL
2023-08-23,179.0219268798828,179.44695366375947,176.264252478764,176.45205395893973,52722800.0,AAPL
2023-08-24,174.33682250976562,179.00214733275968,173.9710983264249,178.57712060131817,54945800.0,AAPL
2023-08-25,176.54098510742188,177.0747231196245,173.78331106065053,175.3252376314931,51449600.0,AAPL
2023-08-28,178.1027374267578,178.4980979181981,176.48173528059502,178.00388976287974,43820700.0,AAPL
2023-08-29,181.98716735839844,182.7581307092116,177.4206898063463,177.61837000977968,53003900.0,AAPL
2023-08-30,185.4762725830078,185.6739678659169,182.5999932338842,182.79767343476072,60813900.0,AAPL
2023-08-31,185.69374084472656,186.9292610559829,185.30825914209595,185.66408956621916,60794500.0,AAPL
2023-09-01,187.2653350830078,187.7199980774023,186.09899615427736,187.29498636168424,45766500.0,AAPL
2023-09-05,187.50254821777344,187.7793035443977,185.43676200045883,186.0989990378836,45280000.0,AAPL
2023-09-06,180.7912139892578,186.66240873519865,179.36789222272253,186.21760937163043,81755800.0,AAPL
2023-09-07,175.50315856933594,176.14563807720947,171.5297216636145,173.1507234483217,112488800.0,AAPL
2023-09-08,176.11598205566406,178.15213198996554,175.7305003611282,176.2840260730559,65551300.0,AAPL
2023-09-11,177.2823028564453,178.21141635408188,175.2856982178241,177.98408488615974,58953100.0,AAPL
2023-09-12,174.2577667236328,178.043402311121,172.79491507430097,177.4108165912451,90370200.0,AAPL
2023-09-13,172.19198608398438,175.24618840249718,171.96463950783718,174.46533118918654,84267900.0,AAPL
2023-09-14,173.70425415039062,174.060084556446,171.56927171405846,171.98440467411754,60895800.0,AAPL
2023-09-15,172.98268127441406,174.45542656560403,171.80647888602266,174.4356540223445,109259500.0,AAPL
2023-09-18,175.90843200683594,177.3021024660386,174.12927983360214,174.4356864419302,67257600.0,AAPL
2023-09-19,176.99566650390625,177.54917706999674,175.07813698421282,175.46361863431386,51826900.0,AAPL
2023-09-20,173.45713806152344,177.61836118650515,173.36816915467014,177.18345571133617,58436200.0,AAPL
2023-09-21,171.9152069091797,174.25776334751873,171.846025624082,172.5280351536478,63149100.0,AAPL
2023-09-22,172.7652587890625,175.02874030453424,172.03384046276338,172.64665367280514,56725400.0,AAPL
2023-09-25,174.04031372070312,174.9200034718099,172.13266274999066,172.1820865728236,46172700.0,AAPL
2023-09-26,169.96804809570312,173.1705067749598,169.67152023376326,172.7949188930673,64588900.0,AAPL
2023-09-27,168.45574951171875,171.0355161486817,167.09174554279588,170.6203831944849,66921800.0,AAPL
2023-09-28,168.71273803710938,170.03721192481018,165.678293523344,167.3783703364052,56294400.0,AAPL
2023-09-29,169.22674560546875,171.06520035560507,168.36681324873706,170.0273603208123,51861100.0,AAPL
2023-10-02,171.7373046875,172.28093658205415,168.9499639274405,169.23661305458424,52164500.0,AAPL
2023-10-03,170.40293884277344,171.61870157072957,168.84125459232132,170.26456118455488,49594600.0,AAPL
2023-10-04,171.64833068847656,172.19196251916273,168.9894891655102,169.10809426237566,53020300.0,AAPL
2023-10-05,172.88388061523438,173.41761872545223,170.67970163713667,171.77684421895017,48527900.0,AAPL
2023-10-06,175.43397521972656,175.9281832590251,171.17388925206592,171.78671747657816,57266700.0,AAPL
2023-10-09,176.9166259765625,176.97592853708252,173.7635757979471,174.76187075811515,42390800.0,AAPL
2023-10-10,176.3235626220703,177.63815795783916,175.8886570875863,176.03692856454262,43698000.0,AAPL
2023-10-11,177.71719360351562,177.76661741819404,175.54268149594157,176.13572202599048,47551100.0,AAPL
2023-10-12,178.61668395996094,180.227791982292,176.96601576479657,177.98409824545533,56743100.0,AAPL
2023-10-13,176.7782440185547,179.82255265296823,176.0764618780152,179.31846581874476,51427100.0,AAPL
2023-10-16,176.6497344970703,177.0055649122618,174.46532818230494,174.70255348644375,52517000.0,AAPL
2023-10-17,175.097900390625,176.35319301979084,172.7751316803463,174.60369235668924,57549400.0,AAPL
2023-10-18,173.8031005859375,175.5229501994882,173.08156098457755,173.5461178040648,54764400.0,AAPL
2023-10-19,173.427490234375,175.7799102245973,173.16061367257353,174.0007582826414,59302900.0,AAPL
2023-10-20,170.8773956298828,173.3879661145723,170.64017031492207,173.27923973046956,64244000.0,AAPL
2023-10-23,170.99598693847656,171.99428177951037,167.96154224302492,168.93020088937016,55980100.0,AAPL
2023-10-24,171.430908203125,171.6582397062376,169.46395453488128,171.04542648826694,43816600.0,AAPL
2023-10-25,169.11802673339844,171.05531414118843,168.67322735441405,169.88899020331988,57157000.0,AAPL
2023-10-26,164.956787109375,169.39478149468584,163.7509180796386,168.39647143119544,70625300.0,AAPL
2023-10-27,166.2713623046875,167.00279566914165,164.89746448966903,164.97653958977486,58499100.0,AAPL
2023-10-30,168.3173828125,169.18719386762373,166.91383366211736,167.06210513671374,51131000.0,AAPL
2023-10-31,168.7918243408203,168.92030818010912,165.9550598323106,167.38827526603964,44846000.0,AAPL
2023-11-01,171.95477294921875,172.21175573979943,168.1493644262673,169.01917553597846,56934900.0,AAPL
2023-11-02,175.51307678222656,175.72063574409248,173.4275179386151,173.4868204991482,77334800.0,AAPL
2023-11-03,174.6037139892578,174.77175801380423,171.34195262679097,172.2216424329047,79829200.0,AAPL
2023-11-06,177.15382385253906,177.35150406781844,174.16881791314302,174.33684685023218,63841300.0,AAPL
2023-11-07,179.7138214111328,180.32663456302825,176.89682951103612,177.1043884447924,70530000.0,AAPL
2023-11-08,180.77142333984372,181.32493395317235,179.4864793691692,180.23768527185777,49340300.0,AAPL
2023-11-09,180.29698181152344,181.9871648721256,179.7039261272927,180.84061367506283,53763500.0,AAPL
2023-11-10,184.4834899902344,184.65175539538808,181.6430032262288,182.07848170612576,66133400.0,AAPL
2023-11-13,182.8999481201172,184.11729742228064,182.31601793716675,183.9094650326421,43627500.0,AAPL
2023-11-14,185.51280212402344,186.175911578356,184.3845238566377,185.77012344749636,60108400.0,AAPL
2023-11-15,186.07693481445312,187.55162053928348,185.84930383072196,185.9185913616288,53790500.0,AAPL
2023-11-16,187.7594451904297,188.99659293267837,186.71033121940587,187.62088524737388,54412900.0,AAPL
2023-11-17,187.73968505859372,188.42259316852056,186.63120528706287,188.2939249443592,50922700.0,AAPL
2023-11-20,189.48155212402344,189.9368291546864,187.9277023558229,187.9375941014389,46505100.0,AAPL
2023-11-21,188.67987060546875,189.55082742435687,187.7891302966246,189.44195782199583,38134500.0,AAPL
2023-11-22,189.34300231933597,190.9463411053134,188.8679417719912,189.52115946327928,39617700.0,AAPL
2023-11-24,188.01681518554688,188.93724609528368,187.30421669327737,188.9075557499312,24048300.0,AAPL
2023-11-27,187.838623046875,188.7095799535061,186.95777439426936,187.9672912540552,40552600.0,AAPL
2023-11-28,188.4423675537109,189.11538388382388,187.45264920500043,187.8287470101196,38415400.0,AAPL
2023-11-29,187.4229736328125,190.11500896160672,187.02709230289176,188.93724161752115,43014200.0,AAPL
2023-11-30,187.99696350097656,188.36316949342205,186.25506495725764,187.88809389812533,48794400.0,AAPL
2023-12-01,189.27371215820312,189.59041412612484,187.2843689303936,188.3730649805332,45704800.0,AAPL
2023-12-04,187.48231506347656,188.09595062883508,185.5226772174773,188.0266631045601,43389500.0,AAPL
2023-12-05,191.4313201904297,192.40123993854132,188.22462732075607,188.25433276481263,66628400.0,AAPL
2023-12-06,190.34263610839844,192.7575361433548,190.1347886146608,192.45072587794945,41089700.0,AAPL
2023-12-07,192.2725982666016,192.9950884718347,191.59958189996595,191.63917909312917,47477700.0,AAPL
2023-12-08,193.69776916503903,193.97488907234165,191.6787354382317,192.2032849129047,53406400.0,AAPL
2023-12-11,191.19378662109372,191.5006120000344,189.4518877342921,191.12451418849048,60943700.0,AAPL
2023-12-12,192.70806884765625,192.7179605945877,189.7488055095461,191.09482308550776,52696900.0,AAPL
2023-12-13,195.92465209960935,195.96423418895137,192.8466274130704,193.0841501529296,70404200.0,AAPL
2023-12-14,196.07305908203125,197.56752801969333,194.14311175143447,195.98398807490372,66831600.0,AAPL
2023-12-15,195.5386505126953,196.36010340669733,194.97450383643803,195.4990533238864,128538400.0,AAPL
2023-12-18,193.8759002685547,194.60829718334296,192.39132294807408,194.07384089090516,55751900.0,AAPL
2023-12-19,194.9151306152344,194.92502236186388,193.87592334681435,194.1431515248431,40714100.0,AAPL
2023-12-20,192.82681274414065,195.64750075817216,192.82681274414065,194.87552171417175,52242800.0,AAPL
2023-12-21,192.67832946777344,195.05366217859583,191.5104692555924,194.08374258350807,46482500.0,AAPL
2023-12-22,191.6094665527344,193.40085423729087,190.98593919883143,193.17320815773428,37149600.0,AAPL
2023-12-26,191.0651092529297,191.89646895007564,190.8473700319769,191.61934905102697,28919300.0,AAPL
2023-12-27,191.1641082763672,191.51051576683653,189.1252907315366,190.51090559150927,48087700.0,AAPL
2023-12-28,191.58970642089844,192.65860419850247,191.18391821699305,192.1439463570104,34049900.0,AAPL
2023-12-29,190.55044555664065,192.4012137747264,189.7586679691184,191.90635467026271,42672100.0,AAPL
2024-01-02,183.73130798339844,186.5025222946912,181.9993009265784,185.22577720716956,82488700.0,AAPL
2024-01-03,182.3556060791016,183.96885182302103,181.5440297827802,182.3259157367389,58414500.0,AAPL
2024-01-04,180.0396728515625,181.2075332827541,179.02026413555495,180.277195595857,71983600.0,AAPL
2024-01-05,179.31716918945312,180.88092604513352,178.31755906038765,180.11885376441708,62379700.0,AAPL
2024-01-08,183.652099609375,183.69169679289456,179.63384629047616,180.21777638123424,59144500.0,AAPL
2024-01-09,183.2364501953125,183.2463419418833,180.85122540618832,182.0289926299427,42841800.0,AAPL
2024-01-10,184.2756500244141,184.48348240733844,182.02898528742008,182.4545720032457,46792900.0,AAPL
2024-01-11,183.68182373046875,185.1268191566964,181.73207738578324,184.62205313633504,49128400.0,AAPL
2024-01-12,184.00840759277344,184.81998377301196,183.28591752878404,184.14696753794811,40477800.0,AAPL
2024-01-16,181.7419891357422,182.3655014396163,179.06973745492456,180.28710192352952,65603000.0,AAPL
2024-01-17,180.8017578125,181.0491874231052,178.4462381888341,179.40626628613458,47317400.0,AAPL
2024-01-18,186.6905670166016,187.1953179109023,183.91935276727983,184.176674087568,78005800.0,AAPL
2024-01-19,189.5904235839844,189.9764130933981,186.87860527237555,187.3833561379468,68903000.0,AAPL
2024-01-22,191.896484375,193.32168117146784,190.2832386815117,190.32283587135973,60133900.0,AAPL
2024-01-23,193.1731719970703,193.7373185644073,191.8370616198349,193.0148285781141,42355600.0,AAPL
2024-01-24,192.5001983642578,194.36087349468036,192.3418398208385,193.41073733606615,53631300.0,AAPL
2024-01-25,192.1735992431641,194.2520137003454,191.124500268323,193.21280647175476,54822100.0,AAPL
2024-01-26,190.4416046142578,192.75754194727924,189.9665440310004,192.2725896171282,44594000.0,AAPL
2024-01-29,189.75868225097656,190.22385105233468,187.63079398239137,190.03580216218103,47145600.0,AAPL
2024-01-30,186.1066436767578,189.82799457367844,185.5425120345168,188.97683613469172,55859400.0,AAPL
2024-01-31,182.5040435791016,185.1762949988752,182.45456974695213,185.11689921687164,55467800.0,AAPL
2024-02-01,184.93875122070312,185.02782223798647,181.93001441121828,182.0982647000541,64885400.0,AAPL
2024-02-02,183.93914794921875,185.40392677166545,177.4070012757119,178.01073002917815,102551700.0,AAPL
2024-02-05,185.7503204345703,187.30418539055444,183.9292424150712,186.21548923655905,69668800.0,AAPL
2024-02-06,187.35369873046875,187.36359047791996,184.8497123520045,184.93878338477884,43490800.0,AAPL
2024-02-07,187.4625396728516,189.0856770188276,186.6707620426896,188.67988890685805,53439000.0,AAPL
2024-02-08,186.38375854492188,187.5912009839088,185.42373058041275,187.44274927884152,40962000.0,AAPL
2024-02-09,187.14682006835935,188.27653811843788,186.30447993507684,186.9486117161699,45155200.0,AAPL
2024-02-12,185.46214294433597,186.9684387436886,185.10538907399385,186.7206934204281,41781900.0,AAPL
2024-02-13,183.3711700439453,184.53063145226375,181.8549698898973,184.09459726813964,56529500.0,AAPL
2024-02-14,182.4891815185547,183.8567404102353,180.7946121382465,183.64864282656316,54630500.0,AAPL
2024-02-15,182.2017974853516,182.82612045767797,179.71444020641266,181.89459574378543,65434500.0,AAPL
2024-02-16,180.665771484375,183.18287207946287,180.0315441516518,181.76576116844507,49752500.0,AAPL
2024-02-20,179.9225616455078,180.7847105340753,178.3766332434525,180.15048310961225,53665600.0,AAPL
2024-02-21,180.67572021484372,181.24057170015067,179.0306876064502,180.2991424771893,41371400.0,AAPL
2024-02-22,182.7071990966797,183.29188949706392,180.8144364958238,181.82522643308516,52292200.0,AAPL
2024-02-23,180.87388610839844,183.37114775196545,180.58649310326592,183.34141952676865,45119700.0,AAPL
2024-02-26,179.52615356445312,181.11171437415507,179.0207434868858,180.59641504961763,40867400.0,AAPL
2024-02-27,180.9828948974609,182.2612539462515,177.94057546451762,179.4666949255866,54318900.0,AAPL
2024-02-28,179.78379821777344,181.46846314665845,178.50543918901624,180.86396404098636,48953900.0,AAPL
2024-02-29,179.119873046875,180.9234663019701,177.9108746304469,179.63518756564144,136682600.0,AAPL
2024-03-01,178.0396728515625,178.90182159301432,175.78023709238585,177.93066432277888,73563100.0,AAPL
2024-03-04,173.52081298828125,175.30456703921072,172.22261492332544,174.56133114426578,81510100.0,AAPL
2024-03-05,168.58572387695312,170.48840604509627,168.0902332564625,169.21995126633416,95132400.0,AAPL
2024-03-06,167.59475708007812,169.69564777442116,167.1587228770791,169.5172632726602,68587700.0,AAPL
2024-03-07,167.47581481933594,169.1902079797121,166.97041987504164,167.62445594378354,71765100.0,AAPL
2024-03-08,169.1902313232422,172.13344696276567,167.41638146834518,167.47583792632756,76267000.0,AAPL
2024-03-11,171.19200134277344,172.8073055285168,170.49831753088682,171.3802901891083,60139500.0,AAPL
2024-03-12,171.6676788330078,172.4604668624585,169.4676992338398,171.58839851794536,59825400.0,AAPL
2024-03-13,169.5866241455078,171.62804307697533,169.21995080494636,171.21183277143888,52488700.0,AAPL
2024-03-14,171.43975830078125,172.73794133442243,170.49832912625453,171.35057361629617,72913500.0,AAPL
2024-03-15,171.0631866455078,171.0631866455078,168.75419840900892,169.6262667891251,121752700.0,AAPL
2024-03-18,172.1532440185547,176.10726419166866,171.9550508157469,173.98656516716397,75604200.0,AAPL
2024-03-19,174.49197387695312,175.01719271038215,171.46947815172825,172.76766112194616,55215200.0,AAPL
2024-03-20,177.0586395263672,177.0586395263672,173.5109244079673,174.13524750971308,53423100.0,AAPL
2024-03-21,169.82444763183594,175.8892630091755,169.29922879245808,175.45322885093574,106181300.0,AAPL
2024-03-22,170.72625732421875,171.48931715990707,168.5262776263353,170.210942813777,71160100.0,AAPL
2024-03-25,169.30914306640625,170.3893089389317,167.92176032191367,169.03166954174233,54288300.0,AAPL
2024-03-26,168.17942810058594,169.87399750483326,168.0505957042821,168.4668059986792,57388400.0,AAPL
2024-03-27,171.74696350097656,172.0343565405087,168.57582642397568,168.87312383270142,60273300.0,AAPL
2024-03-28,169.9334259033203,170.67666168943495,168.9721730769184,170.2009950202494,65672700.0,AAPL
2024-04-01,168.49652099609375,169.70551918920845,167.95147834818596,169.64606274055888,46240500.0,AAPL
2024-04-02,167.31729125976562,167.81278194588518,166.71279201785276,167.5551322327263,49329500.0,AAPL
2024-04-03,168.1199493408203,169.14065873561202,167.05960735256843,167.26770493028647,47691700.0,AAPL
2024-04-04,167.2974395751953,170.36947196785653,167.2974395751953,168.75416790697062,53704400.0,AAPL
2024-04-05,168.05059814453125,168.85329051832247,167.42627513328318,168.06050251317026,42104800.0,AAPL
2024-04-08,166.9307861328125,167.67402205960258,166.72268854116854,167.50555706407098,37425500.0,AAPL
2024-04-09,168.13978576660156,168.5460917055098,166.83169838821917,167.17853275073267,42373800.0,AAPL
2024-04-10,166.26683044433594,167.5650134431552,165.60287483124418,167.27763553824258,49709300.0,AAPL
2024-04-11,173.46136474609375,173.877590209879,166.64342350182488,166.82179288243998,91070300.0,AAPL
2024-04-12,174.95774841308594,176.7514221146486,172.63885584160187,172.68839280877705,101670900.0,AAPL
2024-04-15,171.13253784179688,175.03700600653332,170.94424900321735,173.7784557074799,73531800.0,AAPL
2024-04-16,167.85240173339844,172.19288913903023,166.7524119884344,170.20102235595408,73711200.0,AAPL
2024-04-17,166.48486328125,169.11095775477588,166.48486328125,168.08034382587564,50901200.0,AAPL
2024-04-18,165.53350830078125,167.11908441586118,165.04793714543356,166.5145852231191,43122900.0,AAPL
2024-04-19,163.5118865966797,164.89925413145542,162.60018577080248,164.71098041837104,68149400.0,AAPL
2024-04-22,164.3443145751953,165.75150603037284,163.28397258003716,164.0272084619306,48116400.0,AAPL
2024-04-23,165.39476013183594,165.54341638804536,163.43262154349364,163.85875133255257,49537800.0,AAPL
2024-04-24,167.49566650390625,167.77314006308927,164.71101142134987,165.03802194946388,48251800.0,AAPL
2024-04-25,168.35781860351562,169.07132637527934,166.63350563489078,168.00106471763377,50558300.0,AAPL
2024-04-26,167.7731170654297,169.79471202253325,167.6541890412428,168.3478879652858,44838400.0,AAPL
2024-04-29,171.9352264404297,174.4424074952563,171.5388400360099,171.80639405446584,68169400.0,AAPL
2024-04-30,168.79383850097656,173.41181476528868,168.46681287321124,171.76678225756265,65934800.0,AAPL
2024-05-01,167.7731170654297,171.15236652369296,167.58482822154218,168.05059058657778,50383100.0,AAPL
2024-05-02,171.469482421875,171.8559644998941,169.34878317714927,170.95416794412498,94214900.0,AAPL
2024-05-03,181.7261505126953,185.313497878847,181.01264278710423,184.9666483851495,163224100.0,AAPL
2024-05-06,180.0712127685547,182.53874644704828,178.79283846563771,180.7054401749,78569700.0,AAPL
2024-05-07,180.7549591064453,183.2324120279765,179.68471275097576,181.7954923577229,77305800.0,AAPL
2024-05-08,181.09190368652344,181.41892928578648,179.81352951475225,181.20091221961115,45057100.0,AAPL
2024-05-09,182.90542602539065,182.99461071341904,180.46760537105857,180.9135439323752,48983000.0,AAPL
2024-05-10,181.6451416015625,183.669478466616,180.73220418072015,183.48093424482693,50759500.0,AAPL
2024-05-13,184.8503570556641,185.6640710757596,183.2030934113359,184.01680743143143,72044800.0,AAPL
2024-05-14,185.9915313720703,186.8548647149755,184.8602810891409,186.07091921634225,52393600.0,AAPL
2024-05-15,188.26397705078125,189.18683240943687,185.9320062923224,186.46787049037357,70400000.0,AAPL
2024-05-16,188.38304138183597,189.6333810173086,188.2044300863017,189.00821119957223,52845200.0,AAPL
2024-05-17,188.41282653808597,189.3456148748041,187.72811956148703,188.05558877384672,41282900.0,AAPL
2024-05-20,189.5738220214844,190.44707314635468,187.5594028379898,187.87695420764547,44361300.0,AAPL
2024-05-21,190.8737945556641,191.2508679069906,189.45476137627725,189.6234548753388,42309400.0,AAPL
2024-05-22,189.43490600585935,191.3401840301744,188.8097513226368,190.79440205142183,34648500.0,AAPL
2024-05-23,185.44577026367188,189.5341459487459,185.19768892080705,189.51429520164533,51005900.0,AAPL
2024-05-24,188.5219573974609,189.11735863774425,186.59684388111853,187.37087155015985,36327000.0,AAPL
2024-05-28,188.5318756103516,191.51876909707792,187.6487067626696,190.04019905563405,52280100.0,AAPL
2024-05-29,188.82958984375,190.7745542503335,188.05557725890648,188.15481585355155,53068000.0,AAPL
2024-05-30,189.8219146728516,190.70508365256933,189.16699143181853,189.29598343446253,49889100.0,AAPL
2024-05-31,190.7745513916016,191.09210277636024,188.45251367186648,189.9707702687458,75158300.0,AAPL
2024-06-03,192.54086303710935,193.4935019196136,191.04245739181437,191.41953068261944,50080500.0,AAPL
2024-06-04,192.8584442138672,193.82100104656783,191.548567440495,193.1462119125533,47471400.0,AAPL
2024-06-05,194.36676025390625,195.38885414673365,193.3744349100596,193.90036613096368,54156800.0,AAPL
2024-06-06,192.9874420166016,194.99194358986875,192.679823561343,194.1881624282746,41181800.0,AAPL
2024-06-07,195.3789520263672,195.4285713258788,192.65005711175448,193.15613762673084,53103900.0,AAPL
2024-06-10,191.63787841796875,195.78580650726497,190.6753215585116,195.3888672580803,97010200.0,AAPL
2024-06-11,205.5601806640625,205.57011360777915,192.14395345618084,192.1637890602492,172373300.0,AAPL
2024-06-12,211.4347686767578,218.51003809526935,205.3121079690946,205.7785020929093,198134300.0,AAPL
2024-06-13,212.5957794189453,215.08651049080893,209.97604121171415,213.09194207290332,97862700.0,AAPL
2024-06-14,210.85923767089844,213.51866257545944,209.678367977573,212.2088008716011,70122700.0,AAPL
2024-06-17,215.0071258544922,217.2696263789355,211.0874438581257,211.73244926121387,93728300.0,AAPL
2024-06-18,212.6453857421875,216.95208913019516,211.36529274424583,215.9200623200828,79943300.0,AAPL
2024-06-20,208.07077026367188,212.59578653831548,207.24715355520107,212.28815296354617,86172500.0,AAPL
2024-06-21,205.8975982666016,210.26382387597764,205.5205097773767,208.77533580800625,241805100.0,AAPL
2024-06-24,206.5426025390625,211.0676038174596,205.0044951825124,206.12582769938732,80727000.0,AAPL
2024-06-25,207.4654693603516,209.75773850908567,207.0089930344414,207.54484206411715,55549700.0,AAPL
2024-06-26,211.61338806152344,213.2110325348534,209.0234182045521,209.876818640151,66213200.0,AAPL
2024-06-27,212.4568634033203,214.0842763709762,210.7202940415425,213.0423317255729,49772700.0,AAPL
2024-06-28,209.0035552978516,214.411740437408,208.68601906723535,214.1140398112984,82542700.0,AAPL
2024-07-01,215.0865173339844,215.84067914098924,210.29358412725625,210.46227761796723,60402900.0,AAPL
2024-07-02,218.5795135498047,218.6886699462021,213.44919320249292,214.4911227279333,58046200.0,AAPL
2024-07-03,219.8497009277344,219.8497009277344,217.34903661716916,218.3115934907129,37369800.0,AAPL
2024-07-05,224.6029052734375,224.71206166235044,219.94889718329503,219.94889718329503,60412400.0,AAPL
2024-07-08,226.07159423828125,226.10136279083508,221.53665960457084,225.34718574831135,59085900.0,AAPL
2024-07-09,226.9249420166016,227.63941744293052,224.63267299949703,226.18069804264903,48076100.0,AAPL
2024-07-10,231.19195556640625,231.29119415797783,227.49058625437067,227.5402055501565,62627700.0,AAPL
2024-07-11,225.8235015869141,230.6065022056456,224.0373128145247,229.61417679228308,64710600.0,AAPL
2024-07-12,228.7706756591797,230.8545649156238,226.92494993371523,227.16311346469493,53046500.0,AAPL
2024-07-15,232.60107421875,235.40935699641528,231.3011303310065,234.66511292556817,62631300.0,AAPL
2024-07-16,233.0178375244141,234.4567062015191,230.5469420413052,233.196448812944,43234300.0,AAPL
2024-07-17,227.12342834472656,229.6836295353235,224.9006141352506,227.68904591405493,57345900.0,AAPL
2024-07-18,222.45947265625,228.6714385621368,220.5641428905974,228.5126628842939,66034600.0,AAPL
2024-07-19,222.58848571777344,225.0593811668608,221.5663918696606,223.09458131167176,49151500.0,AAPL
2024-07-22,222.2411956787109,226.03187070395737,221.3778623137636,225.2677759323044,48201800.0,AAPL
2024-07-23,223.2831268310547,225.19832267550643,220.97100689389265,222.64803919770813,39960300.0,AAPL
2024-07-24,216.8627777099609,223.0747441599071,215.46361045876344,222.280880842846,61777600.0,AAPL
2024-07-25,215.8208465576172,219.15506035064124,212.97286249707204,217.2497823474704,51391200.0,AAPL
2024-07-26,216.2872314453125,217.80548795978973,214.3521849755396,217.02154248476683,41601300.0,AAPL
2024-07-29,216.56509399414065,217.61695646267236,214.0941983741811,215.29491873308157,36311800.0,AAPL
2024-07-30,217.1207733154297,218.63902977566391,214.4613337033208,217.50777956722112,41643800.0,AAPL
2024-07-31,220.3756103515625,222.10226187087767,218.936741656308,219.7405227481965,50036300.0,AAPL
2024-08-01,216.6841583251953,222.7571844619209,215.35444602521784,222.64802807062824,62501000.0,AAPL
2024-08-02,218.1726531982422,223.86860618805187,216.0391597412521,217.46809553371503,105568600.0,AAPL
2024-08-05,207.66392517089844,211.8614570593827,194.49576385779395,197.56204548052773,119548600.0,AAPL
2024-08-06,205.6395721435547,208.3783997216886,199.52685967053256,203.72439154098564,69660500.0,AAPL
2024-08-07,208.20970153808597,212.00037630720823,204.80601788828693,205.3120983398537,63516400.0,AAPL
2024-08-08,211.6729278564453,212.55609685346144,207.2273143208112,211.4744658055274,47161100.0,AAPL
2024-08-09,214.5804443359375,215.11629337558463,210.3432107490655,210.47221789303092,42201600.0,AAPL
2024-08-12,216.1103973388672,218.0774716082045,214.1929998012183,214.65993379251097,38028100.0,AAPL
2024-08-13,219.82598876953125,220.44193777769505,217.5807279037812,217.5807279037812,44155300.0,AAPL
2024-08-14,220.2730407714844,221.5744891931242,218.2662191901357,219.13055181670975,41960600.0,AAPL
2024-08-15,223.25344848632807,223.87934187315213,221.30623303799135,223.1342364732981,46414000.0,AAPL
2024-08-16,224.5747833251953,225.34969177239583,222.1904368144784,222.45867901826597,44340200.0,AAPL
2024-08-19,224.41583251953125,224.51518597934856,221.58442566604344,224.2469437652095,40687800.0,AAPL
2024-08-20,225.03176879882807,225.68746521443904,223.97868888483964,224.2966078109087,30299000.0,AAPL
2024-08-21,224.9225006103516,226.4921913011218,223.58131984717625,225.0417277949432,34765500.0,AAPL
2024-08-22,223.064697265625,226.84983046212884,222.43880384726455,226.30341677619583,43695300.0,AAPL
2024-08-23,225.35960388183597,226.73060264204744,222.8659899824442,224.18731201844943,38677300.0,AAPL
2024-08-26,225.69741821289065,225.79677167752968,222.42889539152745,225.28016094798537,30602200.0,AAPL
2024-08-27,226.54185485839844,227.356510742363,223.42234738221904,224.52510403050715,35934600.0,AAPL
2024-08-28,225.0119171142578,228.35991942602843,224.20719049274723,226.43257756563744,38052200.0,AAPL
2024-08-29,228.29037475585935,231.39995310375195,227.3863249726349,228.59836441740796,51906300.0,AAPL
2024-08-30,227.50555419921875,228.8964117856607,225.99546942021695,228.68779072729976,52990800.0,AAPL
2024-09-03,221.31619262695312,227.5055309941364,219.7266282681139,227.05847075546575,50190600.0,AAPL
2024-09-04,219.4087371826172,220.33266071869627,216.06071952153204,220.21344869061124,43840200.0,AAPL
2024-09-05,220.92874145507807,224.0085015990201,220.0743532532445,220.1836359939166,36615400.0,AAPL
2024-09-06,219.37892150878903,223.7700744804958,218.33577084564573,222.4884846157397,48423000.0,AAPL
2024-09-09,219.4683380126953,219.82598924771256,215.2957503769675,219.37892899374344,67180000.0,AAPL
2024-09-10,218.67355346679688,220.03460793809228,215.3156066383465,217.49131703149231,51591000.0,AAPL
2024-09-11,221.20692443847656,221.6341109819789,216.4680492147489,220.01475867053276,44587100.0,AAPL
2024-09-12,221.31619262695312,222.09110108310472,218.38544755210197,221.04795042006705,37455600.0,AAPL
2024-09-13,221.0479736328125,222.5779169825105,220.4618275881316,222.12092741382088,36766600.0,AAPL
2024-09-16,214.9082946777344,215.80241517960704,212.52394807405796,215.126845002842,59357400.0,AAPL
2024-09-17,215.37521362304688,215.48449636527133,213.10016491936787,214.34200737227792,45519300.0,AAPL
2024-09-18,219.2497711181641,221.25659276615585,216.1203190420684,216.13026348358335,59894900.0,AAPL
2024-09-19,227.3763732910156,228.32018565098164,223.16405353373213,223.52170475455893,66781300.0,AAPL
2024-09-20,226.71075439453125,231.56884144729943,226.1345376792504,228.4692075464048,318679900.0,AAPL
2024-09-23,224.9920654296875,227.95261380296745,224.33636892980343,225.8563829873096,54146000.0,AAPL
2024-09-24,225.88616943359372,227.85325878901887,224.25687274556688,227.15781488965328,43556100.0,AAPL
2024-09-25,224.89268493652344,225.80667911779156,222.5580303354434,223.46208007568333,42308700.0,AAPL
2024-09-26,226.03518676757807,227.008786948424,223.93895622483703,225.81662129607275,36636700.0,AAPL
2024-09-27,226.3034210205078,228.0221418429688,225.8166284941723,226.9690618971705,34026000.0,AAPL
2024-09-30,231.47943115234372,231.47943115234372,228.1512873446241,228.5387415800987,54541900.0,AAPL
2024-10-01,224.73374938964844,228.15128705136544,222.2798675150603,228.02214574584625,63285000.0,AAPL
2024-10-02,225.30001831054688,225.8861642954019,221.56456176324295,224.4158271126304,32880600.0,AAPL
2024-10-03,224.1972503662109,225.3298099915582,221.86259582618197,223.6707104185886,34044200.0,AAPL
2024-10-04,225.3199005126953,226.5120662505933,222.66732681912907,226.41271278943103,37245100.0,AAPL
2024-10-07,220.2432556152344,224.2171516536621,219.8856043654075,223.0349151567562,39505400.0,AAPL
2024-10-08,224.29661560058597,224.5052366387564,221.79305702807565,222.83620769655573,31855700.0,AAPL
2024-10-09,228.04202270507807,228.25065892191472,223.3627685020828,223.76015205132023,33591100.0,AAPL
2024-10-10,227.54527282714844,228.00227752622936,225.68748134269669,226.2935010745161,28183500.0,AAPL
2024-10-11,226.06500244140625,227.9128646118344,225.85636623992795,227.80358186995707,31759200.0,AAPL
2024-10-14,229.79054260253903,230.2177291523844,227.1081657950345,227.2075041009655,39882100.0,AAPL
2024-10-15,232.32388305664065,235.9401275315396,230.853530735341,232.08544385770332,64751400.0,AAPL
2024-10-16,230.2673797607422,230.60515724916505,228.34003796565733,230.0885617348273,34082200.0,AAPL
2024-10-17,230.63497924804688,232.3238971476739,229.0156269629083,231.9066247344228,32993800.0,AAPL
2024-10-18,233.46636962890625,234.6386615701971,232.4828249974097,234.6386615701971,46431500.0,AAPL
2024-10-21,234.9367218017578,235.30431748145637,232.9199708414818,232.9199708414818,36254500.0,AAPL
2024-10-22,234.3207855224609,234.67843677993508,231.0820656392084,232.3636404689512,38846600.0,AAPL
2024-10-23,229.2540435791016,233.60546433739609,226.27362172475395,232.55238437433343,52287000.0,AAPL
2024-10-24,229.06529235839844,229.31366084202813,226.91938502162785,228.4791312160334,31109500.0,AAPL
2024-10-25,229.8998107910156,231.69799621804017,228.0718223581781,228.2407111108546,38802300.0,AAPL
2024-10-28,231.8768310546875,233.1981533252385,231.0323872301169,231.79736647290133,36087100.0,AAPL
2024-10-29,232.1450653076172,232.80076177889836,230.80388451731676,231.5787930163908,35417200.0,AAPL
2024-10-30,228.59835815429688,231.94636045913165,228.0519444590485,231.09197226998216,47070900.0,AAPL
2024-10-31,224.43569946289065,228.330115454563,223.89921505082023,227.8433077709005,64370100.0,AAPL
2024-11-01,221.4552764892578,223.8793552942412,218.83250593091051,219.5279346472888,65276700.0,AAPL
2024-11-04,220.5611572265625,221.3360657336285,218.27617915451208,219.5478246614517,44944500.0,AAPL
2024-11-05,221.99176025390625,222.48849724939907,219.69683776020292,220.3525342324639,28111300.0,AAPL
2024-11-06,221.2665100097656,224.5946536653585,219.7464961432124,221.15722727351368,54561100.0,AAPL
2024-11-07,225.9954376220703,226.39283627600352,223.1044401056504,223.16404611393824,42137700.0,AAPL
2024-11-08,225.7269287109375,227.4176895436531,225.17991383614745,225.9357792784742,38328800.0,AAPL
2024-11-11,223.01174926757807,224.47376393957063,220.29658566640109,223.7775700900237,42005600.0,AAPL
2024-11-12,223.01174926757807,224.3643609649356,222.14648085284745,223.3300179850212,40398300.0,AAPL
2024-11-13,223.8968963623047,225.4185825099273,221.5497178640296,222.79292649286413,48566200.0,AAPL
2024-11-14,226.9800720214844,227.6265344728401,223.77756520755415,223.7974607959322,44923900.0,AAPL
2024-11-15,223.77755737304688,225.6871240415238,223.0515277694849,225.1699449930133,47923700.0,AAPL
2024-11-18,226.78114318847656,228.4917994283148,223.9466215231006,224.02618869424265,44633700.0,AAPL
2024-11-19,227.0397491455078,228.90953992555225,225.4285554930197,225.7468090353896,36211800.0,AAPL
2024-11-20,227.75582885742188,228.68076882556116,224.66272507245367,226.82093350733243,35169600.0,AAPL
2024-11-21,227.2784423828125,228.9095315645878,224.48371169719937,227.63648708983084,42108300.0,AAPL
2024-11-22,228.62109375,229.4664817049649,226.8209300473837,226.8209300473837,38168300.0,AAPL
2024-11-25,231.60479736328125,231.982737654973,228.4918131754458,230.2024695182051,90152800.0,AAPL
2024-11-26,233.7829132080078,234.29015208323423,232.0623165721609,232.0623165721609,45986200.0,AAPL
2024-11-27,233.6536102294922,234.40949083683984,232.53970008294309,233.19611792325415,33498400.0,AAPL
2024-11-29,236.04055786132807,236.51794571126388,232.69881256000565,233.53424509136477,28481400.0,AAPL
2024-12-02,238.2882843017578,239.4817615684827,235.8714939748314,235.98089694287455,48137100.0,AAPL
2024-12-03,241.3316802978516,241.441083276618,237.60205398884364,238.50711361537608,38861000.0,AAPL
2024-12-04,241.68972778320312,242.7837575833276,239.9392952788925,241.55048900644988,44383900.0,AAPL
2024-12-05,241.71954345703125,243.21139387343032,240.81449907142343,242.66439419479377,40033900.0,AAPL
2024-12-06,241.5206298828125,243.3009131878065,240.7647644785688,241.59025685240857,36870600.0,AAPL
2024-12-09,245.40939331054688,245.89673657618508,240.43655859300796,240.51612576959505,44649200.0,AAPL
2024-12-10,246.4238739013672,246.861485816723,244.0070681600661,245.5486500706556,36914800.0,AAPL
2024-12-11,245.1508331298828,249.4374146087669,244.9220717859308,246.61284788068903,45205800.0,AAPL
2024-12-12,246.6128387451172,247.3885997871069,244.3452120348149,245.5486447760948,32777500.0,AAPL
2024-12-13,246.7819061279297,247.9355922748061,244.90217516923997,246.47359279661413,33155300.0,AAPL
2024-12-16,249.67608642578125,250.01425073054844,246.3045049916291,246.6426692963963,51694800.0,AAPL
2024-12-17,252.1028289794922,252.45093348613432,248.4229342596344,248.721307383058,51356400.0,AAPL
2024-12-18,246.70233154296875,252.89847930582897,246.39401822090943,250.79000225751088,56774100.0,AAPL
2024-12-19,248.4328765869141,250.6308762664829,245.7475488049507,246.15532490458145,60882300.0,AAPL
2024-12-20,253.1073760986328,253.6145998349828,244.35518295150268,246.69240643268387,147495300.0,AAPL
2024-12-23,253.8831329345703,254.2610580907384,252.07301363460223,253.3858494138172,40858800.0,AAPL
2024-12-24,256.7972106933594,256.80713572411884,253.90300191480816,254.10192745486225,23234700.0,AAPL
2024-12-26,257.6127014160156,258.6868506395932,256.2302692406472,256.7872242633273,27237100.0,AAPL
2024-12-27,254.2013702392578,257.29448932345014,251.68511699924173,256.42919055718573,42355300.0,AAPL
2024-12-30,250.82977294921875,252.1227129740064,249.3876539575231,250.8596087426004,35557500.0,AAPL
2024-12-31,249.0594482421875,251.90391026277229,248.07482152033188,251.06847768562105,39480700.0,AAPL
2025-01-02,242.52517700195312,247.746653923794,240.5062071395791,247.57756417344768,55740700.0,AAPL
2025-01-03,242.037841796875,242.8533788995599,240.57582699573507,242.037841796875,40244100.0,AAPL
2025-01-06,243.66891479492188,245.9862577240781,241.87869116125097,242.98266113735733,45045600.0,AAPL
2025-01-07,240.8940887451172,244.2159390069797,240.038760486134,241.6598944370817,40856000.0,AAPL
2025-01-08,241.38140869140625,242.38593107741448,238.74581220273615,240.6056476428208,37628900.0,AAPL
2025-01-10,235.56321716308597,238.85523174451487,231.73412786407496,238.70603757812464,61710900.0,AAPL
2025-01-13,233.1265106201172,233.3950479730624,228.4719441071402,232.26124214226888,49630700.0,AAPL
2025-01-14,232.0125732421875,234.83713969366363,231.2069764534674,233.47458784982285,39435300.0,AAPL
2025-01-15,236.5776214599609,237.66171090461413,233.1563089274433,233.36517465190275,39832000.0,AAPL
2025-01-16,227.0198516845703,236.7168796666606,226.7911055301388,236.06047699847065,71759100.0,AAPL
2025-01-17,228.7305145263672,231.0279618693864,227.2386640256131,230.85888730040747,68488300.0,AAPL
2025-01-21,221.4303741455078,223.20070201452856,218.18809151282764,222.78298573737737,98070400.0,AAPL
2025-01-22,222.6139373779297,222.9023551356524,218.5958781281944,218.5958781281944,64126500.0,AAPL
2025-01-23,222.4448699951172,225.79655609657797,221.09225820038623,223.519004229982,60234800.0,AAPL
2025-01-24,221.5696258544922,224.4041477572621,220.2070739772995,223.5587597719764,54697900.0,AAPL
2025-01-27,228.61117553710935,230.888727332658,222.76311661057,222.80290778981757,94863400.0,AAPL
2025-01-28,236.9655303955078,238.88505261672515,229.5560092044273,229.5958003833341,75707600.0,AAPL
2025-01-29,238.05953979492188,238.5568232574634,232.73860067537265,232.8480036441672,45486100.0,AAPL
2025-01-30,236.2991485595703,239.48175963713217,235.92122345328548,237.3732826437262,55658300.0,AAPL
2025-01-31,234.71780395507807,245.8470107317681,232.1717149504871,245.8470107317681,100959800.0,AAPL
2025-02-03,226.77120971679688,230.5704628324937,224.4737624406888,228.7404632470789,73063300.0,AAPL
2025-02-04,231.5352020263672,231.86341095944584,225.4186058340825,226.0153521080233,45067300.0,AAPL
2025-02-05,231.2070159912109,231.40592637692785,227.02983718759685,227.28841917143987,39620300.0,AAPL
2025-02-06,231.95291137695312,232.5297620441898,229.1780610151748,230.03338922164468,29925300.0,AAPL
2025-02-07,226.39328002929688,232.72866665415376,226.0252799376335,231.33627899238985,39707200.0,AAPL
2025-02-10,226.6620941162109,229.5893382538889,226.21404995469493,228.5737755391387,33115600.0,AAPL
2025-02-11,231.6105499267578,234.2092245435644,227.1400438259152,227.2097321635687,53718400.0,AAPL
2025-02-12,235.8420867919922,235.9317077791751,229.6789461531513,230.19669384296432,45243300.0,AAPL
2025-02-13,240.4818878173828,241.28837041996871,234.5477595362729,235.88194100703416,53614100.0,AAPL
2025-02-14,243.53854370117188,244.48441805735465,239.9442089936196,240.203075232316,40896200.0,AAPL
2025-02-18,243.40911865234372,244.11602908498716,240.7905267294893,243.0905000064508,48822500.0,AAPL
2025-02-19,243.807373046875,244.9424253685456,242.1048021606556,243.5982928571997,32204200.0,AAPL
2025-02-20,244.76321411132807,245.70908851524857,243.2298884862767,243.87707690453925,32316900.0,AAPL
2025-02-21,244.4844207763672,247.6107939080121,244.155851012499,244.88267886995575,53197400.0,AAPL
2025-02-24,246.0277099609375,247.7800669312537,243.3593319822528,243.86711335623195,51326400.0,AAPL
2025-02-25,245.9679718017578,248.91513366913293,243.84722519384715,246.92381259977984,48013300.0,AAPL
2025-02-26,239.3169403076172,243.91688660847365,238.09228223905916,243.26971340939616,44433600.0,AAPL
2025-02-27,236.27023315429688,241.4078448384303,236.0312691715791,238.3710773588995,41153600.0,AAPL
2025-02-28,240.79052734375,241.03944246427383,229.2010399398617,235.92174819400608,56833400.0,AAPL
2025-03-03,236.9970550537109,242.97101773746803,235.0853888180174,240.74073286620583,47184000.0,AAPL
2025-03-04,234.9061737060547,239.02822274747484,233.6615980851158,236.6784633674393,53798100.0,AAPL
2025-03-05,234.7169952392578,235.5234777567522,228.23523611666363,234.3983766092207,47227600.0,AAPL
2025-03-06,234.30877685546875,236.82779659290307,232.14819548977783,233.42263965762712,45170400.0,AAPL
2025-03-07,238.03256225585935,240.32256924437755,233.74125275300776,234.0897400039076,46273600.0,AAPL
2025-03-10,226.4928436279297,235.13518456664028,223.24699590534985,234.5178647329352,72071200.0,AAPL
2025-03-11,219.8816680908203,224.85997074742772,216.5063794973434,222.83878108425105,76137400.0,AAPL
2025-03-12,216.0384063720703,220.78771110845915,213.9773970817033,219.18469713036333,62547500.0,AAPL
2025-03-13,208.7700958251953,215.8990289750484,207.51556900756947,215.0128916975229,61368300.0,AAPL
2025-03-14,212.5635681152344,213.0215634427817,208.67053186821337,210.3332830996676,60107600.0,AAPL
2025-03-17,213.07135009765625,214.28605714072168,209.0588394397278,212.3843419118567,48073400.0,AAPL
2025-03-18,211.76702880859372,214.21634506867483,210.57223927739028,213.23065092190424,42432400.0,AAPL
2025-03-19,214.3059539794922,217.81066771448715,212.82241448637808,213.2903760985492,54385400.0,AAPL
2025-03-20,213.17092895507807,216.5462175979897,211.29908226715483,213.0614056873257,48862900.0,AAPL
2025-03-21,217.32281494140625,217.89033350890864,210.36314278996363,210.64192650603025,94127800.0,AAPL
2025-03-24,219.7721405029297,220.5188858867363,217.63147647971348,220.04097309502072,44299500.0,AAPL
2025-03-25,222.779052734375,223.1275400112128,219.1249802623548,219.81198848707385,34493600.0,AAPL
2025-03-26,220.5686492919922,224.0435095903292,219.51325168877747,222.54005264880035,34466100.0,AAPL
2025-03-27,222.8785858154297,224.0136380596445,219.6028546033708,220.4292545555072,37094800.0,AAPL
2025-03-28,216.9544219970703,222.8387793372666,216.7353754664909,220.7080664246457,39818600.0,AAPL
2025-03-31,221.1660614013672,224.6409066608951,215.29165561007284,216.0682695484103,65299300.0,AAPL
2025-04-01,222.22146606445312,222.70932997882656,217.9500740762217,218.85612876373423,36412700.0,AAPL
2025-04-02,222.91842651367188,224.21278818927524,220.06088576879955,220.3595869543347,35905900.0,AAPL
2025-04-03,202.30825805664065,206.58960121618028,200.37667426890133,204.64805110026137,103419000.0,AAPL
2025-04-04,187.56253051757807,199.0126263082325,186.52703508606032,193.0486144227304,125910900.0,AAPL
2025-04-07,180.6725616455078,193.30748067285785,173.86223225537526,176.43103817745248,160466300.0,AAPL
2025-04-08,171.67178344726562,189.5140179775097,168.47572171547168,185.88981432593783,120859500.0,AAPL
2025-04-09,197.98709106445312,199.7394480269994,171.14407803694525,171.20381523449285,184395900.0,AAPL
2025-04-10,189.59368896484372,193.93476977334225,182.20588916182837,188.24955627509655,121880000.0,AAPL
2025-04-11,197.2901153564453,198.67408279715283,185.2525839628914,185.2924188893916,87435900.0,AAPL
2025-04-14,201.64117431640625,212.01595519155484,200.28707539108044,210.52246440005905,101352900.0,AAPL
2025-04-15,201.2628173828125,202.62686743682656,198.9329754067001,200.98403365195668,51343900.0,AAPL
2025-04-16,193.4269561767578,199.8290454554037,191.535192242388,197.49920369317184,59732400.0,AAPL
2025-04-17,196.1251983642578,197.9671763411939,193.5763099497932,196.34424488667963,52164700.0,AAPL
2025-04-21,192.3217620849609,192.9589841185958,188.98629374468007,192.43128533414367,46742500.0,AAPL
2025-04-22,198.8732452392578,200.715208155226,195.1196006832811,195.26894368988752,52976400.0,AAPL
2025-04-23,203.712158203125,207.0973980558543,201.91996614297287,205.10607692070187,52929200.0,AAPL
2025-04-24,207.4657745361328,207.92378505310097,202.0593452871763,204.00088023313933,47311000.0,AAPL
2025-04-25,208.371826171875,208.8397878176709,205.30519003897632,205.4744504992001,38222300.0,AAPL
2025-04-28,209.2281036376953,210.5822025692478,206.55974070372147,209.08871177088437,38743100.0,AAPL
2025-04-29,210.2934417724609,211.3189707788267,207.4657546631633,207.78437328663367,36827600.0,AAPL
2025-04-30,211.57785034179688,212.65316547487808,205.7731479657814,208.39173986928208,52286500.0,AAPL
2025-05-01,212.3943023681641,213.62891164873253,207.9934696463897,208.1726964341785,57365700.0,AAPL
2025-05-02,204.4588928222656,206.0917754590827,201.2827333487594,205.19567188008236,101010600.0,AAPL
2025-05-05,198.02691650390625,203.21431440062256,197.34987465543003,202.2186538992821,69018500.0,AAPL
2025-05-06,197.6485595703125,199.7792724238197,196.1650351546796,197.3498735756035,51216500.0,AAPL
2025-05-07,195.39837646484372,198.574535944944,192.41139491378885,198.3057033514284,68536700.0,AAPL
2025-05-08,196.63299560546875,199.1818840286168,193.83517686729027,196.86199326420865,50478900.0,AAPL
2025-05-09,197.66847229003903,199.6697443694255,196.6827629534363,198.1364339272832,36453900.0,AAPL
2025-05-12,210.15049743652344,210.6290521628615,206.1227607044075,210.32995926202443,63775800.0,AAPL
2025-05-13,212.28399658203125,212.75257189298435,208.36592688565327,209.79158118866215,51909300.0,AAPL
2025-05-14,211.68582153320312,213.29093762104836,209.94113079478424,211.78550901932945,49325800.0,AAPL
2025-05-15,210.8085021972656,212.3139309113297,208.90429308394448,210.31001909194575,45029500.0,AAPL
2025-05-16,210.6190643310547,211.92510277199543,209.1335944967917,211.71573318604425,54737900.0,AAPL
2025-05-19,208.14659118652344,208.84446444770492,203.64029993754312,207.27923550566183,46140500.0,AAPL
2025-05-20,206.232421875,207.83753801206535,204.40797196423648,207.03996203611737,42496600.0,AAPL
2025-05-21,201.4768829345703,206.41186226922272,200.10108001028595,204.5475404614086,59211800.0,AAPL
2025-05-22,200.74908447265625,202.1348666739061,199.09411717835945,200.1010626250374,46742400.0,AAPL
2025-05-23,194.67759704589844,197.1002176461426,192.8730906309023,193.082445017036,78432900.0,AAPL
2025-05-27,199.60260009765625,200.1309909415137,196.83102019804124,197.6983910952664,56288500.0,AAPL
2025-05-28,199.81195068359372,202.11494001836,199.2935240345892,199.98143310081724,45339700.0,AAPL
2025-05-29,199.3433837890625,203.19167383577107,197.90775006205251,202.9623758748587,51396800.0,AAPL
2025-05-30,200.24066162109372,201.3472946799051,196.18300200128655,198.7651407343476,70819900.0,AAPL
2025-06-02,201.08807373046875,201.51677709467236,199.51286535414476,199.6723835925692,35423300.0,AAPL
2025-06-03,202.6533050537109,203.1517881077627,200.35031577799097,200.7391319516516,46381600.0,AAPL
2025-06-04,202.2046813964844,205.6143037964219,201.48686455307688,202.29440469878628,43604000.0,AAPL
2025-06-05,200.02133178710935,204.12882762641604,199.54277706238676,202.88261988754903,55126100.0,AAPL
2025-06-06,203.30133056640625,205.07592905349443,201.4370087789868,202.3841235560851,46607700.0,AAPL
2025-06-09,200.83883666992188,205.37503589356555,199.4131823149893,203.76991971327612,72862600.0,AAPL
2025-06-10,202.05511474609372,203.7300256804245,199.96149509379936,199.9914028593682,54672600.0,AAPL
2025-06-11,198.1769256591797,203.8795731269679,197.80805305990708,202.88260699920767,60989900.0,AAPL
2025-06-12,198.5956573486328,199.07419684911244,196.7612432530472,198.476026276637,43904600.0,AAPL
2025-06-13,195.85400390625,199.76210952406475,195.1062792678608,199.1240517744725,51447300.0,AAPL
2025-06-16,197.81802368164065,198.08720880439395,195.9636660151664,196.701426450214,43020700.0,AAPL
2025-06-17,195.04644775390625,197.78810453675544,194.61775963167676,196.6017124403596,38856200.0,AAPL
2025-06-18,195.9835968017578,196.97059871241268,194.4781834746436,195.34553910938877,45394700.0,AAPL
2025-06-20,200.3901824951172,201.08805571006383,196.2627435238668,197.63856158511533,96813500.0,AAPL
2025-06-23,200.88868713378903,201.68626312768808,198.3563997065937,201.0182976063905,55814300.0,AAPL
2025-06-24,199.69232177734372,202.8227948624406,199.5926190778996,201.97536755465325,54064000.0,AAPL
2025-06-25,200.9485015869141,203.05210084338043,200.01135094007645,200.8388346981885,39525700.0,AAPL
2025-06-26,200.3901824951172,202.0252062612044,198.8548614222345,200.8188706084076,50799100.0,AAPL
2025-06-27,200.46995544433597,202.60346239871808,199.39323017588663,201.2774955925489,73188600.0,AAPL
2025-06-30,204.54754638671875,206.7608124915243,198.6554726965608,201.39712965217612,91912800.0,AAPL
2025-07-01,207.18951416015625,209.55231908550664,205.5146031050056,206.04299395149744,78788900.0,AAPL
2025-07-02,211.7954864501953,212.69274987948137,207.5085290616707,208.2761972389462,67941800.0,AAPL
2025-07-03,212.90213012695312,213.9987837940836,211.1674035025876,211.5063683517463,34955800.0,AAPL
2025-07-07,209.3130340576172,215.57398008038285,208.16652910348648,212.0347473083985,50229000.0,AAPL
2025-07-08,209.37286376953125,210.78855393169587,207.8175989494771,209.46260228799343,42848900.0,AAPL
2025-07-09,210.4994354248047,210.6888614301138,206.59132988433592,208.8943192909964,48749400.0,AAPL
2025-07-10,211.7655792236328,212.8323250717279,209.39279496736208,209.87133445003573,44443600.0,AAPL
2025-07-11,210.5193634033203,211.4864217284832,209.22330444266436,209.9311570606941,39765800.0,AAPL
2025-07-14,207.9870758056641,210.27013683517245,206.91035052542597,209.293099043616,38840100.0,AAPL
2025-07-15,208.47560119628903,211.2471659954246,208.2861751856472,208.5852680860029,42296300.0,AAPL
2025-07-16,209.5224151611328,211.7556096589697,208.0070223143888,209.6619898172476,47490500.0,AAPL
2025-07-17,209.38282775878903,211.15742622671812,208.95412441878605,209.93116216460888,48068100.0,AAPL
2025-07-18,210.539306640625,211.1474566075158,209.06380098140497,210.23024956462243,48974600.0,AAPL
2025-07-21,211.8353576660156,215.12534891613052,210.98794558852117,211.4565208835752,51377400.0,AAPL
2025-07-22,213.74954223632807,214.29787667610697,211.5861274580158,212.4933703299684,46404100.0,AAPL
2025-07-23,213.50030517578125,214.49727137359017,211.76559372759172,214.3477325289176,46989300.0,AAPL
2025-07-24,213.1114654541016,215.0356179140754,212.8821675134036,213.25104009789536,46022600.0,AAPL
2025-07-25,213.2311248779297,214.58699944946255,212.7525701732737,214.04862920984863,40268800.0,AAPL
2025-07-28,213.40061950683597,214.1981955143971,212.41361748607304,213.38067592321025,37858000.0,AAPL
2025-07-29,210.6290435791016,214.1582970701604,210.18041185237743,213.53020352524888,51411700.0,AAPL
2025-07-30,208.415771484375,211.74563469104575,207.0898047125579,211.2571158132724,45512500.0,AAPL
2025-07-31,206.94027709960935,209.20337937318877,206.5315173151756,207.85748415888983,80698400.0,AAPL
2025-08-01,201.7660217285156,212.93203997684435,200.8886866162373,210.23025491744008,104434500.0,AAPL
2025-08-04,202.7330780029297,207.24933356384108,201.06813110178,203.8895472057539,75109300.0,AAPL
2025-08-05,202.3043670654297,204.7170232958933,201.5466782764192,202.7829065525681,44155100.0,AAPL
2025-08-06,212.60304260253903,214.72658548105815,204.96627784328447,205.00616501036765,108483100.0,AAPL
2025-08-07,219.36245727539065,220.1799768073744,215.92292715514495,218.2159523061407,90224800.0,AAPL
2025-08-08,228.65419006347656,230.29917810781973,218.58482597462975,220.16003429974123,113854000.0,AAPL
2025-08-11,226.747802734375,229.12327986736796,224.3324083989562,227.486400432218,61806100.0,AAPL
2025-08-12,229.21310424804688,230.36092560837628,226.63802588155735,227.57622481823225,55626200.0,AAPL
2025-08-13,232.88612365722656,234.552944884794,229.99163136972763,230.6304284784954,69878500.0,AAPL
2025-08-14,232.337158203125,234.6727029329224,230.41083714463488,233.6147219132583,51916300.0,AAPL
2025-08-15,231.1494140625,233.834298979768,228.9036945156081,233.5548328767578,56038700.0,AAPL
2025-08-18,230.4507598876953,232.67651332576617,229.672244959047,231.25921652669464,37476200.0,AAPL
2025-08-19,230.1213836669922,232.42698672077373,228.9136940815642,230.8400151681398,39402600.0,AAPL
2025-08-20,225.5800323486328,230.0315543310328,225.3404986724704,229.54248102593337,42263900.0,AAPL
2025-08-21,224.4721527099609,226.08908123987143,223.3542882288465,225.83955683035407,30621200.0,AAPL
2025-08-22,227.3267059326172,228.65417758009715,224.98118568943212,225.7397343895232,42477800.0,AAPL
2025-08-25,226.72784423828125,228.8637723966904,225.7996055926997,226.04912998143797,30983100.0,AAPL
2025-08-26,228.87376403808597,229.0534295301293,224.2625578823749,226.438403395408,54575100.0,AAPL
2025-08-27,230.0515289306641,230.46073738560716,227.82576024347395,228.17510050695543,31259500.0,AAPL
2025-08-28,232.1175842285156,232.9659733126178,228.90370861616245,230.3809040856524,38074700.0,AAPL
2025-08-29,231.6983795166016,232.9360260407387,230.92984008944924,232.0676707602769,39418400.0,AAPL
2025-09-02,229.28298950195312,230.4108447009183,226.53822101083423,228.8138823959992,44075600.0,AAPL
2025-09-03,238.01634216308597,238.395624134605,233.9141603097862,236.75874463665696,66427800.0,AAPL
2025-09-04,239.32383728027344,239.4436041167336,236.2896273284533,237.996365667052,47549400.0,AAPL
2025-09-05,239.2340087890625,240.8609127003189,238.0362947520209,239.5434165987409,54870400.0,AAPL
2025-09-08,237.42745971679688,239.69313028194867,235.89038089866293,238.84475646782596,48999500.0,AAPL
2025-09-09,233.9041748046875,238.3257397896772,232.9160527142261,236.54912730927947,66313900.0,AAPL
2025-09-10,226.35855102539065,231.9778454619465,225.5201526853384,231.7482872752143,83440800.0,AAPL
2025-09-11,229.59239196777344,230.0115911363252,226.21881717306923,226.44839058875493,50208600.0,AAPL
2025-09-12,233.6247100830078,234.063860229386,228.584314210114,228.78393068206051,55824200.0,AAPL
2025-09-15,236.24969482421875,237.7368657054393,234.58287368836287,236.549127145038,42699500.0,AAPL
2025-09-16,237.6969451904297,240.76111223381088,235.87043992435724,236.72878926810645,63421100.0,AAPL
2025-09-17,238.5353546142578,239.6432435766681,237.27774187166392,238.5153883976145,46508000.0,AAPL
2025-09-18,237.42745971679688,240.74113579799257,236.199788714976,239.5134800259323,44249600.0,AAPL
2025-09-19,245.032958984375,245.83144010441063,239.7530294205925,240.77107799962133,163741300.0,AAPL
2025-09-22,255.5928192138672,256.15178189089505,247.64797087115,247.82763635806887,105517400.0,AAPL
2025-09-23,253.9459686279297,256.8504363399061,253.0975947938589,255.3932223520852,60275200.0,AAPL
2025-09-24,251.8300018310547,255.2534845023776,250.5624136207024,254.73446948849343,42303700.0,AAPL
2025-09-25,256.3813171386719,256.6807646844572,251.2311452680336,252.72829161839877,55202100.0,AAPL
2025-09-26,254.97401428222656,257.10994249251326,253.2972024297037,253.61660096533103,46076300.0,AAPL
2025-09-29,253.9459686279297,254.5148915782133,252.52867184357527,254.0757261912774,40127700.0,AAPL
2025-09-30,254.1455993652344,255.4331385813304,252.6284867333586,254.3751575512532,37704300.0,AAPL
2025-10-01,254.9640350341797,258.29769267334166,254.44502000530687,254.55481135314997,48713900.0,AAPL
2025-10-02,256.6408386230469,257.68882891050583,253.66649683440303,256.09186667190835,42630200.0,AAPL
2025-10-03,257.5291442871094,258.7468246365968,253.46689477740225,254.18552630266564,49155600.0,AAPL
2025-10-06,256.20166015625,258.57713717661323,254.56478079871025,257.499174775338,44664100.0,AAPL
2025-10-07,255.9920959472656,256.9103287268919,254.94407514023973,256.32145476920215,31955800.0,AAPL
2025-10-08,257.569091796875,258.0282082133661,255.62278908467795,256.03201279963565,36496900.0,AAPL
2025-10-09,253.55670166015625,257.50917476461467,252.6584199331141,257.3195337882977,38322000.0,AAPL
2025-10-10,244.80340576171875,255.8922708493858,243.53581752909895,254.4550078501572,61999100.0,AAPL
2025-10-13,247.18885803222656,249.2149949644775,245.09284695690997,248.9055871417832,38142900.0,AAPL
2025-10-14,247.29864501953125,248.37659224814223,244.2344780970313,246.1308726626428,35478000.0,AAPL
2025-10-15,248.86566162109372,251.3409547309234,246.99922390992757,249.01538540478128,33893600.0,AAPL
2025-10-16,246.9792633056641,248.56623493239263,244.6636846503341,247.77774448085987,39777000.0,AAPL
2025-10-17,251.81002807617188,252.89796599708643,246.79958926324147,247.5481624372989,49147000.0,AAPL
2025-10-20,261.7411193847656,263.87706298772724,255.143708503654,255.4032084113237,90483000.0,AAPL
2025-10-21,262.27008056640625,264.7853058703715,261.3318664386604,261.3817895915523,46695900.0,AAPL
2025-10-22,257.9583435058594,262.349966966352,254.94406918261987,262.15033525743416,45015300.0,AAPL
2025-10-23,259.0861511230469,260.12418111371363,257.51916110368444,259.4454820834593,32754900.0,AAPL
2025-10-24,262.3200378417969,263.62754335723145,258.68694768993146,260.69313376057823,38253700.0,AAPL
2025-10-27,268.2986145019531,268.60802232244004,264.1465248140549,264.37609822840903,44888200.0,AAPL
2025-10-28,268.4882507324219,269.3765722048576,267.63986169210665,268.4782600095115,41534800.0,AAPL
2025-10-29,269.1869201660156,270.8936584399069,266.6018207191691,268.76770579477784,51086700.0,AAPL
2025-10-30,270.8836669921875,273.6184749716116,267.969239224885,271.4725408872279,69886500.0,AAPL
2025-10-31,269.85565185546875,276.79244258078194,268.647962249571,276.4630533049319,86167100.0,AAPL
2025-11-03,268.53814697265625,270.33474092754267,265.74348587775046,269.90556627002525,50194600.0,AAPL
2025-11-04,269.5262756347656,270.9734988318123,267.11086611942017,267.8195068636227,49274800.0,AAPL
2025-11-05,269.6260986328125,271.18312844251227,266.4221834255846,268.0989800730272,43683100.0,AAPL
2025-11-06,269.2567749023437,272.8798740142925,267.38037702601645,267.38037702601645,51204000.0,AAPL
2025-11-07,267.9592590332031,271.7719991063764,266.26248096015127,269.28671541495146,48227400.0,AAPL
2025-11-10,269.1781311035156,273.4741297822401,267.2099714283653,268.7085692371889,41312400.0,AAPL
2025-11-11,274.99267578125,275.65206242273547,269.5477586519058,269.55775905965567,46208300.0,AAPL
2025-11-12,273.21435546875,275.4722525277038,271.4460210796085,274.74292397164845,48398000.0,AAPL
2025-11-13,272.6948547363281,276.4413491841305,271.83564282199285,273.85374352181776,49602800.0,AAPL
2025-11-14,272.15533447265625,275.702003472256,269.3479639093673,270.7965900477885,47431300.0,AAPL
2025-11-17,267.2099609375,270.2371271729127,265.48159771217263,268.5687054184609,45018300.0,AAPL
2025-11-18,267.19000244140625,270.4569347049811,265.0719890725528,269.7376065335732,45677300.0,AAPL
2025-11-19,268.3089294433594,271.9555110777923,265.2517925781922,265.2817633125939,40424500.0,AAPL
2025-11-20,266.0010986328125,275.17250947675234,265.67142054546326,270.5768036466949,45823600.0,AAPL
2025-11-21,271.2361755371094,273.0744516711978,265.4216397990326,265.70137680880595,59030800.0,AAPL
2025-11-24,275.6620788574219,276.7410558404627,270.64675212306133,270.64675212306133,65585800.0,AAPL
2025-11-25,276.7110900878906,280.1179060838009,274.9926967216935,275.012667049666,46914200.0,AAPL
2025-11-26,277.29052734375,279.26868736786383,276.3714044558947,276.70108254872224,33431400.0,AAPL
2025-11-28,278.5893249511719,278.73917862681736,275.73198274965245,277.0008150112318,20135600.0,AAPL
2025-12-01,282.8353576660156,283.1550658399818,275.88187257202503,277.75011957449965,46587700.0,AAPL
2025-12-02,285.9224548339844,287.1313151163589,282.36578537497866,282.7354345985028,53669500.0,AAPL
2025-12-03,283.8843688964844,288.35019153510143,283.0351573834178,285.9324708384744,43538700.0,AAPL
2025-12-04,280.4375915527344,284.46382276925783,278.32954829392816,283.83440686502166,43989100.0,AAPL
2025-12-05,278.5193786621094,280.8771882481053,277.79005013345267,280.27774306596746,47265800.0,AAPL
2025-12-08,277.6302185058594,279.4085531850005,275.8918244790692,277.8699843761556,38211800.0,AAPL
2025-12-09,276.9208679199219,279.7682096639769,276.6611317163261,277.8999627322321,32193300.0,AAPL
2025-12-10,278.5193786621094,279.48847306800184,276.1815698919154,277.490342786908,33038300.0,AAPL
2025-12-11,277.77008056640625,279.3286197507982,273.5540244422053,278.83908758708685,33248000.0,AAPL
2025-12-12,278.0198669433594,278.9589906850317,276.5612402656973,277.64021728323,39532900.0,AAPL
2025-12-15,273.8537292480469,279.8880911943856,272.5849275039148,279.8880911943856,50409100.0,AAPL
2025-12-16,274.353271484375,275.2424541197232,271.53593087885605,272.5649667835892,37648600.0,AAPL
2025-12-17,271.5858764648437,275.90184538512057,271.38608172110213,274.75292651919426,50138700.0,AAPL
2025-12-18,271.935546875,273.374203136776,266.7004552212896,273.35420232069225,51630700.0,AAPL
2025-12-19,273.4141845703125,274.34330788170604,269.64768928264715,271.8955859651445,144632000.0,AAPL
2025-12-22,270.7166748046875,273.62395794129594,270.25711338978425,272.6048920133635,36571800.0,AAPL
2025-12-23,272.1053771972656,272.2452609569047,269.30800689497966,270.5868091030317,29642000.0,AAPL
2025-12-24,273.55401611328125,275.17249671786806,271.9455359163183,272.085389177814,17910600.0,AAPL
2025-12-26,273.1444091796875,275.1125687682936,272.6049054553,273.9037084592662,21521800.0,AAPL
2025-12-29,273.50408935546875,274.10350406329195,272.0954038139857,272.4350823114352,23715200.0,AAPL
2025-12-30,272.82470703125,273.82377221524894,272.0254670796708,272.5549704076282,22139600.0,AAPL
2025-12-31,271.6058349609375,273.42414083736213,271.4959524300237,272.80472532736104,27293600.0,AAPL
2026-01-02,270.75665283203125,277.5802543100492,268.7485221479618,272.0054842546519,37838100.0,AAPL
2026-01-05,267.0101623535156,271.25618925068443,265.89121426121545,270.38700744645297,45647200.0,AAPL
2026-01-06,262.1147155761719,267.2998660934885,261.8749496989937,266.7503924619391,52352100.0,AAPL
2026-01-07,260.08660888671875,263.4334831315393,259.5671060011504,262.95395138764474,48309800.0,AAPL
2026-01-08,258.7978515625,259.0476178563403,255.4609622909548,256.7797203952787,50419300.0,AAPL
2026-01-09,259.1275329589844,259.9667440583015,255.98048371428257,258.8377955175017,39997000.0,AAPL
2026-01-12,260.0067138671875,261.05572011368304,256.5599267903311,258.9177364764393,45263800.0,AAPL
2026-01-13,260.8059387207031,261.56523797230057,258.148452318208,258.4781303943212,45730800.0,AAPL
2026-01-14,259.71697998046875,261.57525710051715,256.4700180914029,259.247418118488,40019400.0,AAPL
2026-01-15,257.9685974121094,260.7959687899761,256.8096782083212,260.40631875644857,39388600.0,AAPL
2026-01-16,255.29112243652344,258.6579671912775,254.69167723491492,257.6589020182799,72142800.0,AAPL
2026-01-20,246.4693756103516,254.55180921698133,243.1924430560896,252.49373739571587,80267500.0,AAPL
2026-01-21,247.41848754882807,251.3248360900433,244.9507953165175,248.4675090444481,54641700.0,AAPL
2026-01-22,248.1178436279297,250.76536025794263,247.9180183962477,248.96703988447877,39708300.0,AAPL
2026-01-23,247.80812072753903,249.176850391454,244.45126111041236,247.0888078223564,41689000.0,AAPL
2026-01-26,255.17123413085935,256.32015295784896,249.5664780183616,251.24490015634893,55969200.0,AAPL
2026-01-27,258.0285339355469,261.7051166970889,257.96859246831417,258.92771692213245,49648300.0,AAPL
2026-01-28,256.2002868652344,258.61800761819165,254.2720830679268,257.409147241713,41288000.0,AAPL
2026-01-29,258.0385437011719,259.4072580677027,254.17216647920577,257.75880668092503,67253000.0,AAPL
2026-01-30,259.2374267578125,261.6551472598355,251.94423313215475,254.9314433110553,92443400.0,AAPL
2026-02-02,269.7575988769531,270.2371306501278,258.9676766447768,259.7869174093499,73913400.0,AAPL
2026-02-03,269.22808837890625,271.6258386480508,267.3598109321867,268.9483513556569,64394700.0,AAPL
2026-02-04,276.23150634765625,278.68922850453845,272.03545112075,272.03545112075,90545700.0,AAPL
2026-02-05,275.6520690917969,279.2387093202658,272.97458180817284,277.86999494352693,52977400.0,AAPL
2026-02-06,277.8599853515625,280.6473855638201,276.6710954236804,276.8609202349588,50453400.0,AAPL
2026-02-09,274.6199951171875,278.20001220703125,271.70001220703125,277.9100036621094,44623400.0,AAPL
2026-02-10,273.67999267578125,275.3699951171875,272.94000244140625,274.8900146484375,34376900.0,AAPL
2026-02-11,275.5,280.17999267578125,274.45001220703125,274.70001220703125,51931300.0,AAPL
2026-02-12,261.7300109863281,275.7200012207031,260.17999267578125,275.5899963378906,81077200.0,AAPL
2026-02-13,255.77999877929688,262.2300109863281,255.4499969482422,262.010009765625,56290700.0,AAPL
2026-02-17,263.8800048828125,266.2900085449219,255.5399932861328,258.04998779296875,58469100.0,AAPL
2026-02-18,264.3500061035156,266.82000732421875,262.45001220703125,263.6000061035156,34203300.0,AAPL
2026-02-19,260.5799865722656,264.4800109863281,260.04998779296875,262.6000061035156,30845300.0,AAPL
2026-02-20,264.5799865722656,264.75,258.1600036621094,258.9700012207031,42070500.0,AAPL
2026-02-23,266.17999267578125,269.42999267578125,263.3800048828125,263.489990234375,37308200.0,AAPL
2026-02-24,272.1400146484375,274.8900146484375,267.7099914550781,267.8599853515625,47014600.0,AAPL
2026-02-25,274.2300109863281,274.94000244140625,271.04998779296875,271.7799987792969,33714300.0,AAPL
2026-02-26,272.95001220703125,276.1099853515625,270.79998779296875,274.95001220703125,32345100.0,AAPL
2026-02-27,264.17999267578125,272.8099975585937,262.8900146484375,272.8099975585937,72366500.0,AAPL
2026-03-02,264.7200012207031,266.5299987792969,260.20001220703125,262.4100036621094,41827900.0,AAPL
2026-03-03,263.75,265.5599975585937,260.1300048828125,263.4800109863281,38568900.0,AAPL
2026-03-04,262.5199890136719,266.1499938964844,261.4200134277344,264.6499938964844,39803100.0,AAPL
2026-03-05,260.2900085449219,261.5599975585937,257.25,260.7900085449219,49658600.0,AAPL
2026-03-06,257.4599914550781,258.7699890136719,254.3699951171875,258.6300048828125,41120000.0,AAPL
2026-03-09,259.8800048828125,261.1499938964844,253.67999267578125,255.69000244140625,38218500.0,AAPL
2026-03-10,260.8299865722656,262.4800109863281,256.95001220703125,257.6499938964844,30590800.0,AAPL
2026-03-11,260.8099975585937,262.1300048828125,259.54998779296875,261.0899963378906,26218900.0,AAPL
2026-03-12,255.75999450683597,258.95001220703125,254.17999267578125,258.6600036621094,40794000.0,AAPL
2026-03-13,250.1199951171875,256.3299865722656,249.5200042724609,255.47999572753903,36930000.0,AAPL
2026-03-16,252.82000732421875,253.88999938964844,249.8800048828125,252.1100006103516,32074200.0,AAPL
2026-03-17,254.22999572753903,255.1300048828125,252.17999267578125,252.9600067138672,32361600.0,AAPL
2026-03-18,249.94000244140625,254.94000244140625,249.0,252.6300048828125,35757900.0,AAPL
2026-03-19,248.9600067138672,251.8300018310547,247.3000030517578,249.3999938964844,34864100.0,AAPL
2026-03-20,247.9900054931641,249.1999969482422,246.0,247.97999572753903,88331100.0,AAPL
2026-03-23,251.4900054931641,254.6000061035156,250.27999877929688,253.97000122070312,40546100.0,AAPL
2026-03-24,251.63999938964844,254.8300018310547,249.5500030517578,250.3500061035156,45152300.0,AAPL
2026-03-25,252.6199951171875,255.0,251.6000061035156,254.1000061035156,28476700.0,AAPL
2026-03-26,252.88999938964844,257.0,250.7700042724609,252.1199951171875,41796700.0,AAPL
2026-03-27,248.8000030517578,255.4900054931641,248.07000732421875,253.8999938964844,47900000.0,AAPL
2026-03-30,246.6300048828125,250.8699951171875,245.50999450683597,250.07000732421875,39446200.0,AAPL
2026-03-31,253.7899932861328,255.47999572753903,247.1000061035156,247.91000366210935,49598100.0,AAPL
2026-04-01,255.6300048828125,256.17999267578125,253.3300018310547,254.0800018310547,40059400.0,AAPL
2026-04-02,255.9199981689453,256.1300048828125,250.6499938964844,254.1999969482422,31289400.0,AAPL
2026-04-06,258.8599853515625,262.1600036621094,256.4599914550781,256.510009765625,29329900.0,AAPL
2026-04-07,253.5,256.20001220703125,245.6999969482422,256.1600036621094,62148000.0,AAPL
2026-04-08,258.8999938964844,259.75,256.5299987792969,258.45001220703125,41032800.0,AAPL
2026-04-09,260.489990234375,261.1199951171875,256.07000732421875,259.0,28121600.0,AAPL
2026-04-10,260.4800109863281,262.19000244140625,259.0199890136719,259.9800109863281,31291500.0,AAPL
2026-04-13,259.20001220703125,260.17999267578125,256.6600036621094,259.7300109863281,35196600.0,AAPL
2026-04-13,259.20001220703125,260.17999267578125,256.6600036621094,259.7300109863281,35196600.0,AAPL
